{
  "schema_version": "1.1",
  "aiperf_version": "0.8.0",
  "benchmark_id": "879f9ba0-b31d-4f1c-9c91-85395a1986fd",
  "request_throughput": {
    "unit": "requests/sec",
    "avg": 17.781827603832742
  },
  "request_latency": {
    "unit": "ms",
    "avg": 2095.314677644238,
    "p1": 381.20500379,
    "p5": 439.6728443,
    "p10": 481.6770525,
    "p25": 582.57025025,
    "p50": 911.4369355,
    "p75": 2079.04639825,
    "p90": 4947.256719200001,
    "p95": 8306.658204099998,
    "p99": 16632.72574353,
    "min": 268.530017,
    "max": 24685.586402999998,
    "std": 3061.543367125312,
    "count": 10240,
    "sum": 21456022.299077
  },
  "request_count": {
    "unit": "requests",
    "avg": 10240.0
  },
  "time_to_first_token": {
    "unit": "ms",
    "avg": 358.09709749072266,
    "p1": 178.68945237999998,
    "p5": 221.77684495,
    "p10": 247.3245754,
    "p25": 287.38867375,
    "p50": 343.4712125,
    "p75": 412.49897425,
    "p90": 488.5859409,
    "p95": 544.2384523999998,
    "p99": 651.8104919800007,
    "min": 122.644982,
    "max": 1580.172043,
    "std": 101.98167188372838,
    "count": 10240,
    "sum": 3666914.2783049997
  },
  "time_to_second_token": {
    "unit": "ms",
    "avg": 0.7577546807617187,
    "p1": 0.06955549999999999,
    "p5": 0.08900949999999999,
    "p10": 0.101882,
    "p25": 0.17636274999999998,
    "p50": 0.3835105,
    "p75": 0.76936925,
    "p90": 1.3167461000000003,
    "p95": 1.9652604499999993,
    "p99": 4.961028600000007,
    "min": 0.0,
    "max": 371.423344,
    "std": 4.292208434023812,
    "count": 10240,
    "sum": 7759.407931
  },
  "inter_token_latency": {
    "unit": "ms",
    "avg": 6.848569373046439,
    "p1": 3.883827189333333,
    "p5": 4.8425974471505375,
    "p10": 5.365658559999999,
    "p25": 6.157868991666666,
    "p50": 6.990271639450374,
    "p75": 7.700807524331462,
    "p90": 8.017737707805036,
    "p95": 8.239666674441759,
    "p99": 9.049372091100684,
    "min": 1.0402372333333332,
    "max": 21.35700714705882,
    "std": 1.1247558812328426,
    "count": 10240,
    "sum": 70129.35037999555
  },
  "output_token_throughput": {
    "unit": "tokens/sec",
    "avg": 4186.342331843585
  },
  "output_token_throughput_per_user": {
    "unit": "tokens/sec/user",
    "avg": 150.80181022313448,
    "p1": 110.50490914482634,
    "p5": 121.36413293755999,
    "p10": 124.72346149954244,
    "p25": 129.85651153550262,
    "p50": 143.05595757581546,
    "p75": 162.39384133747987,
    "p90": 186.37041279737446,
    "p95": 206.50074908806693,
    "p99": 257.4780154310764,
    "min": 46.82304000341709,
    "max": 961.3191760071909,
    "std": 31.956606759321346,
    "count": 10240,
    "sum": 1544210.5366849033
  },
  "output_sequence_length": {
    "unit": "tokens",
    "avg": 235.428125,
    "p1": 30.0,
    "p5": 31.0,
    "p10": 31.0,
    "p25": 31.0,
    "p50": 79.0,
    "p75": 234.0,
    "p90": 610.1000000000004,
    "p95": 1041.0,
    "p99": 2158.8300000000017,
    "min": 26.0,
    "max": 2992.0,
    "std": 400.9233791721267,
    "count": 10240,
    "sum": 2410784.0
  },
  "input_sequence_length": {
    "unit": "tokens",
    "avg": 37576.16123046875,
    "p1": 21705.78,
    "p5": 23672.75,
    "p10": 25332.9,
    "p25": 29667.5,
    "p50": 36597.5,
    "p75": 44224.75,
    "p90": 51154.200000000004,
    "p95": 55668.59999999998,
    "p99": 62460.83,
    "min": 20565.0,
    "max": 77065.0,
    "std": 9845.631829514274,
    "count": 10240,
    "sum": 384779891.0
  },
  "output_token_count": {
    "unit": "tokens",
    "avg": 235.428125,
    "p1": 30.0,
    "p5": 31.0,
    "p10": 31.0,
    "p25": 31.0,
    "p50": 79.0,
    "p75": 234.0,
    "p90": 610.1000000000004,
    "p95": 1041.0,
    "p99": 2158.8300000000017,
    "min": 26.0,
    "max": 2992.0,
    "std": 400.9233791721267,
    "count": 10240,
    "sum": 2410784.0
  },
  "inter_chunk_latency": {
    "unit": "ms",
    "avg": 8.463547836797106,
    "p1": 0.8139870931061125,
    "p5": 2.077729254835692,
    "p10": 4.426830524711482,
    "p25": 6.135452243117821,
    "p50": 6.579524788353461,
    "p75": 7.186602238369497,
    "p90": 11.878850956787145,
    "p95": 27.130433757870428,
    "p99": 45.31701990478029,
    "min": 0.0,
    "max": 686.2569119999999,
    "std": 8.288930331577651,
    "count": 2101850,
    "sum": 17789108.020772
  },
  "total_output_tokens": {
    "unit": "tokens",
    "avg": 2410784.0
  },
  "benchmark_duration": {
    "unit": "sec",
    "avg": 575.86881552
  },
  "total_isl": {
    "unit": "tokens",
    "avg": 384779891.0
  },
  "total_osl": {
    "unit": "tokens",
    "avg": 2410784.0
  },
  "telemetry_data": {
    "summary": {
      "endpoints_configured": [],
      "endpoints_successful": [],
      "start_time": "2026-06-16T10:52:55.881837",
      "end_time": "2026-06-16T11:02:33.825491"
    },
    "endpoints": {},
    "error_summary": []
  },
  "input_config": {
    "endpoint": {
      "model_names": [
        "microsoft/Phi-tiny-MoE-instruct"
      ],
      "type": "chat",
      "streaming": true,
      "urls": [
        "http://127.0.0.1:8000"
      ]
    },
    "input": {
      "extra": [
        [
          "ignore_eos",
          true
        ]
      ],
      "file": "datasets/agentic_loop_2200s_seed42/_slices/c64_n512.jsonl",
      "custom_dataset_type": "mooncake_trace",
      "prompt": {
        "input_tokens": {
          "block_size": 64
        }
      }
    },
    "output": {
      "artifact_directory": "artifacts/reruns/agentic_pd4p4d/ray/fullsweep/c64",
      "slice_duration": 60.0
    },
    "tokenizer": {
      "name": "microsoft/Phi-tiny-MoE-instruct",
      "resolved_names": {
        "microsoft/Phi-tiny-MoE-instruct": "microsoft/Phi-tiny-MoE-instruct"
      }
    },
    "loadgen": {
      "concurrency": 64,
      "request_rate": 500.0,
      "arrival_pattern": "constant",
      "request_count": 10240,
      "warmup_request_count": 128,
      "concurrency_ramp_duration": 16.0
    },
    "cli_command": "aiperf profile --model 'microsoft/Phi-tiny-MoE-instruct' --tokenizer 'microsoft/Phi-tiny-MoE-instruct' --url 'http://127.0.0.1:8000' --endpoint-type 'chat' --streaming --input-file 'datasets/agentic_loop_2200s_seed42/_slices/c64_n512.jsonl' --custom-dataset-type 'mooncake_trace' --isl-block-size 64 --extra-inputs 'ignore_eos:true' --concurrency 64 --concurrency-ramp-duration 16 --request-rate 500 --arrival-pattern 'constant' --warmup-request-count 128 --workers-max 1024 --ui 'simple' --artifact-dir 'artifacts/reruns/agentic_pd4p4d/ray/fullsweep/c64' --server-metrics-formats 'json' 'csv' 'jsonl' --slice-duration 60",
    "benchmark_id": "879f9ba0-b31d-4f1c-9c91-85395a1986fd",
    "server_metrics_formats": [
      "json",
      "csv",
      "jsonl"
    ]
  },
  "was_cancelled": false,
  "error_summary": [],
  "start_time": "2026-06-16T10:52:55.881837",
  "end_time": "2026-06-16T11:02:31.755325",
  "http_req_dns_lookup": {
    "unit": "ms",
    "avg": 0.0,
    "p1": 0.0,
    "p5": 0.0,
    "p10": 0.0,
    "p25": 0.0,
    "p50": 0.0,
    "p75": 0.0,
    "p90": 0.0,
    "p95": 0.0,
    "p99": 0.0,
    "min": 0.0,
    "max": 0.0,
    "std": 0.0,
    "count": 10240,
    "sum": 0.0
  },
  "http_req_chunks_sent": {
    "unit": "count",
    "avg": 1.0,
    "p1": 1.0,
    "p5": 1.0,
    "p10": 1.0,
    "p25": 1.0,
    "p50": 1.0,
    "p75": 1.0,
    "p90": 1.0,
    "p95": 1.0,
    "p99": 1.0,
    "min": 1.0,
    "max": 1.0,
    "std": 0.0,
    "count": 10240,
    "sum": 10240.0
  },
  "http_req_sending": {
    "unit": "ms",
    "avg": 0.18595912802734374,
    "p1": 0.13455979999999998,
    "p5": 0.14277154999999997,
    "p10": 0.1475411,
    "p25": 0.16039974999999998,
    "p50": 0.1854025,
    "p75": 0.203723,
    "p90": 0.2265271,
    "p95": 0.241355,
    "p99": 0.2754728,
    "min": 0.118212,
    "max": 0.488608,
    "std": 0.031480691279609875,
    "count": 10240,
    "sum": 1904.2214709999998
  },
  "http_req_blocked": {
    "unit": "ms",
    "avg": 0.0,
    "p1": 0.0,
    "p5": 0.0,
    "p10": 0.0,