{
  "schema_version": "1.1",
  "aiperf_version": "0.8.0",
  "benchmark_id": "33f1c591-3b8e-4bef-8f17-8eda923184cc",
  "request_throughput": {
    "unit": "requests/sec",
    "avg": 16.89572556027731
  },
  "request_latency": {
    "unit": "ms",
    "avg": 2275.1756744825193,
    "p1": 438.08289585,
    "p5": 507.3756537,
    "p10": 549.52901,
    "p25": 656.48460575,
    "p50": 1010.7389645,
    "p75": 2273.24762675,
    "p90": 5290.629290000001,
    "p95": 8941.581419199998,
    "p99": 17969.750080120037,
    "min": 316.68614299999996,
    "max": 26163.561878999997,
    "std": 3273.8680862375277,
    "count": 10240,
    "sum": 23297798.906701
  },
  "request_count": {
    "unit": "requests",
    "avg": 10240.0
  },
  "time_to_first_token": {
    "unit": "ms",
    "avg": 414.40733923310546,
    "p1": 223.76289444999998,
    "p5": 266.8801851,
    "p10": 293.2217932,
    "p25": 338.97989924999996,
    "p50": 399.0415175,
    "p75": 474.03700175,
    "p90": 556.9086316,
    "p95": 613.9863067499999,
    "p99": 737.46295992,
    "min": 153.424278,
    "max": 1158.28818,
    "std": 107.78703496957684,
    "count": 10240,
    "sum": 4243531.153747
  },
  "time_to_second_token": {
    "unit": "ms",
    "avg": 5.236929051953124,
    "p1": 0.3616884,
    "p5": 0.5864564999999999,
    "p10": 0.7186291,
    "p25": 1.001301,
    "p50": 1.5526544999999998,
    "p75": 3.1469514999999997,
    "p90": 17.687821000000017,
    "p95": 30.47545749999998,
    "p99": 53.33531326000024,
    "min": 0.0,
    "max": 152.10538699999998,
    "std": 11.110736742641215,
    "count": 10240,
    "sum": 53626.153492
  },
  "inter_token_latency": {
    "unit": "ms",
    "avg": 7.41209539785884,
    "p1": 4.7848985082342335,
    "p5": 5.5549919999999995,
    "p10": 5.954481784375,
    "p25": 6.701114931324111,
    "p50": 7.535915997887324,
    "p75": 8.219068397039447,
    "p90": 8.604201507136954,
    "p95": 8.848646823573784,
    "p99": 9.656963343541673,
    "min": 2.274837633333333,
    "max": 25.452913033333335,
    "std": 1.087052573675754,
    "count": 10240,
    "sum": 75899.85687407442
  },
  "output_token_throughput": {
    "unit": "tokens/sec",
    "avg": 3978.021034426928
  },
  "output_token_throughput_per_user": {
    "unit": "tokens/sec/user",
    "avg": 138.1076336001223,
    "p1": 103.55225200803976,
    "p5": 113.01162993240392,
    "p10": 116.22228970424318,
    "p25": 121.66829033491204,
    "p50": 132.69786988890417,
    "p75": 149.2288988178011,
    "p90": 167.94072729729703,
    "p95": 180.01826138289653,
    "p99": 208.99084884304864,
    "min": 39.28823387289275,
    "max": 439.59181321204625,
    "std": 22.662245024800296,
    "count": 10240,
    "sum": 1414222.1680652464
  },
  "output_sequence_length": {
    "unit": "tokens",
    "avg": 235.44541015625,
    "p1": 30.0,
    "p5": 31.0,
    "p10": 31.0,
    "p25": 31.0,
    "p50": 79.0,
    "p75": 233.0,
    "p90": 610.1000000000004,
    "p95": 1040.0,
    "p99": 2154.4900000000052,
    "min": 26.0,
    "max": 2991.0,
    "std": 400.9434917084781,
    "count": 10240,
    "sum": 2410961.0
  },
  "input_sequence_length": {
    "unit": "tokens",
    "avg": 37571.0435546875,
    "p1": 21694.17,
    "p5": 23673.05,
    "p10": 25324.0,
    "p25": 29656.25,
    "p50": 36594.5,
    "p75": 44205.25,
    "p90": 51151.8,
    "p95": 55659.79999999999,
    "p99": 62461.61,
    "min": 20555.0,
    "max": 77081.0,
    "std": 9846.014131603895,
    "count": 10240,
    "sum": 384727486.0
  },
  "output_token_count": {
    "unit": "tokens",
    "avg": 235.44541015625,
    "p1": 30.0,
    "p5": 31.0,
    "p10": 31.0,
    "p25": 31.0,
    "p50": 79.0,
    "p75": 233.0,
    "p90": 610.1000000000004,
    "p95": 1040.0,
    "p99": 2154.4900000000052,
    "min": 26.0,
    "max": 2991.0,
    "std": 400.9434917084781,
    "count": 10240,
    "sum": 2410961.0
  },
  "inter_chunk_latency": {
    "unit": "ms",
    "avg": 9.144619034570434,
    "p1": 0.7515365200464273,
    "p5": 2.0775625810023945,
    "p10": 4.974383488824294,
    "p25": 6.749546748079894,
    "p50": 7.159276202133227,
    "p75": 7.7999178797347355,
    "p90": 12.135285508496656,
    "p95": 28.367774546815323,
    "p99": 51.06367831309948,
    "min": 0.0,
    "max": 387.211281,
    "std": 8.844396151674466,
    "count": 2083659,
    "sum": 19054267.752954
  },
  "total_output_tokens": {
    "unit": "tokens",
    "avg": 2410961.0
  },
  "benchmark_duration": {
    "unit": "sec",
    "avg": 606.070450391
  },
  "total_isl": {
    "unit": "tokens",
    "avg": 384727486.0
  },
  "total_osl": {
    "unit": "tokens",
    "avg": 2410961.0
  },
  "telemetry_data": {
    "summary": {
      "endpoints_configured": [],
      "endpoints_successful": [],
      "start_time": "2026-06-16T11:37:26.647136",
      "end_time": "2026-06-16T11:47:34.793696"
    },
    "endpoints": {},
    "error_summary": []
  },
  "input_config": {
    "endpoint": {
      "model_names": [
        "microsoft/Phi-tiny-MoE-instruct"
      ],
      "type": "chat",
      "streaming": true,
      "urls": [
        "http://127.0.0.1:8000"
      ]
    },
    "input": {
      "extra": [
        [
          "ignore_eos",
          true
        ]
      ],
      "file": "datasets/agentic_loop_2200s_seed42/_slices/c64_n512.jsonl",
      "custom_dataset_type": "mooncake_trace",
      "prompt": {
        "input_tokens": {
          "block_size": 64
        }
      }
    },
    "output": {
      "artifact_directory": "artifacts/reruns/agentic_pd4p4d/vllm/fullsweep/c64",
      "slice_duration": 60.0
    },
    "tokenizer": {
      "name": "microsoft/Phi-tiny-MoE-instruct",
      "resolved_names": {
        "microsoft/Phi-tiny-MoE-instruct": "microsoft/Phi-tiny-MoE-instruct"
      }
    },
    "loadgen": {
      "concurrency": 64,
      "request_rate": 500.0,
      "arrival_pattern": "constant",
      "request_count": 10240,
      "warmup_request_count": 128,
      "concurrency_ramp_duration": 16.0
    },
    "cli_command": "aiperf profile --model 'microsoft/Phi-tiny-MoE-instruct' --tokenizer 'microsoft/Phi-tiny-MoE-instruct' --url 'http://127.0.0.1:8000' --endpoint-type 'chat' --streaming --input-file 'datasets/agentic_loop_2200s_seed42/_slices/c64_n512.jsonl' --custom-dataset-type 'mooncake_trace' --isl-block-size 64 --extra-inputs 'ignore_eos:true' --concurrency 64 --concurrency-ramp-duration 16 --request-rate 500 --arrival-pattern 'constant' --warmup-request-count 128 --workers-max 1024 --ui 'simple' --artifact-dir 'artifacts/reruns/agentic_pd4p4d/vllm/fullsweep/c64' --server-metrics-formats 'json' 'csv' 'jsonl' --slice-duration 60",
    "benchmark_id": "33f1c591-3b8e-4bef-8f17-8eda923184cc",
    "server_metrics_formats": [
      "json",
      "csv",
      "jsonl"
    ]
  },
  "was_cancelled": false,
  "error_summary": [],
  "start_time": "2026-06-16T11:37:26.647136",
  "end_time": "2026-06-16T11:47:32.722993",
  "http_req_connecting": {
    "unit": "ms",
    "avg": 0.00045054912109374995,
    "p1": 0.0,
    "p5": 0.0,
    "p10": 0.0,
    "p25": 0.0,
    "p50": 0.0,
    "p75": 0.0,
    "p90": 0.0,
    "p95": 0.0,
    "p99": 0.0,
    "min": 0.0,
    "max": 1.88926,
    "std": 0.025760679186321085,
    "count": 10240,
    "sum": 4.613623
  },
  "http_req_receiving": {
    "unit": "ms",
    "avg": 1861.1311766095703,
    "p1": 144.61205947,
    "p5": 170.54399115,
    "p10": 184.3068141,
    "p25": 225.58887299999998,
    "p50": 586.953945,
    "p75": 1834.28792675,
    "p90": 4856.849558300001,
    "p95": 8515.76899635,
    "p99": 17523.528928090036,
    "min": 68.253169,
    "max": 25642.610864,
    "std": 3268.7865626202283,
    "count": 10240,
    "sum": 19057983.248482
  },
  "http_req_duration": {
    "unit": "ms",
    "avg": 2275.2290699472655,
    "p1": 438.73655336999997,
    "p5": 507.41724274999996,
    "p10": 549.6921326,
    "p25": 656.468799,
    "p50": 1010.7992105,
    "p75": 2273.263592,
    "p90": 5290.6868719,
    "p95": 8941.580465299998,
    "p99": 17969.780628920034,
    "min": 316.520621,