{
  "schema_version": "1.1",
  "aiperf_version": "0.8.0",
  "benchmark_id": "29d988a7-eddb-4b3f-84da-c16936a5be3d",
  "request_throughput": {
    "unit": "requests/sec",
    "avg": 38.83243255067009
  },
  "request_latency": {
    "unit": "ms",
    "avg": 4751.224804349199,
    "p1": 777.37530652,
    "p5": 1061.9936326499999,
    "p10": 1227.1412930999998,
    "p25": 1584.42402,
    "p50": 2367.558638,
    "p75": 4806.34192225,
    "p90": 10737.09149720001,
    "p95": 17416.516109000015,
    "p99": 35318.57194015994,
    "min": 347.054736,
    "max": 51686.31785,
    "std": 6427.710385630369,
    "count": 40948,
    "sum": 194553153.28849098
  },
  "request_count": {
    "unit": "requests",
    "avg": 40948.0
  },
  "time_to_first_token": {
    "unit": "ms",
    "avg": 1103.336041709363,
    "p1": 374.05030835,
    "p5": 532.0062512,
    "p10": 626.6410302,
    "p25": 806.0841399999999,
    "p50": 1046.5151815,
    "p75": 1340.52276975,
    "p90": 1652.3948090000006,
    "p95": 1859.4111931,
    "p99": 2314.023091129999,
    "min": 159.656038,
    "max": 6350.566448,
    "std": 413.8625346045043,
    "count": 40948,
    "sum": 45179404.235915
  },
  "time_to_second_token": {
    "unit": "ms",
    "avg": 34.91786077241868,
    "p1": 1.1761979,
    "p5": 2.46426935,
    "p10": 3.2412062999999995,
    "p25": 5.66806775,
    "p50": 14.0179865,
    "p75": 50.8712685,
    "p90": 92.3066762,
    "p95": 121.72415030000002,
    "p99": 192.02383052999966,
    "min": 0.0,
    "max": 418.25336799999997,
    "std": 42.5152660033065,
    "count": 40948,
    "sum": 1429816.5629089999
  },
  "inter_token_latency": {
    "unit": "ms",
    "avg": 14.822629678200691,
    "p1": 5.57951899,
    "p5": 8.78991599904762,
    "p10": 10.48966647349138,
    "p25": 13.177057463802084,
    "p50": 15.509801887242562,
    "p75": 16.653197968781512,
    "p90": 17.790537353503506,
    "p95": 19.06994627,
    "p99": 22.846315742666658,
    "min": 0.21577139999999997,
    "max": 36.84628314285714,
    "std": 3.2345158441222037,
    "count": 40948,
    "sum": 606957.0400629599
  },
  "output_token_throughput": {
    "unit": "tokens/sec",
    "avg": 9010.96886385156
  },
  "output_token_throughput_per_user": {
    "unit": "tokens/sec/user",
    "avg": 74.21502254250433,
    "p1": 43.77073464388529,
    "p5": 52.43853264470211,
    "p10": 56.209656869255284,
    "p25": 60.04852653221209,
    "p50": 64.47535611982974,
    "p75": 75.88947705261377,
    "p90": 95.3319157032862,
    "p95": 113.76673000642877,
    "p99": 179.22692089628487,
    "min": 27.13977950293897,
    "max": 4634.53451198815,
    "std": 69.01100667838962,
    "count": 40948,
    "sum": 3038956.743070471
  },
  "output_sequence_length": {
    "unit": "tokens",
    "avg": 232.0474992673635,
    "p1": 30.0,
    "p5": 31.0,
    "p10": 31.0,
    "p25": 31.0,
    "p50": 78.0,
    "p75": 234.0,
    "p90": 598.0,
    "p95": 1019.6500000000015,
    "p99": 2138.529999999999,
    "min": 12.0,
    "max": 2999.0,
    "std": 395.510551356836,
    "count": 40948,
    "sum": 9501881.0
  },
  "input_sequence_length": {
    "unit": "tokens",
    "avg": 37429.7556901436,
    "p1": 21630.47,
    "p5": 23533.35,
    "p10": 25226.0,
    "p25": 29633.75,
    "p50": 36417.0,
    "p75": 44007.75,
    "p90": 50830.3,
    "p95": 55264.65,
    "p99": 63057.06,
    "min": 20500.0,
    "max": 81210.0,
    "std": 9819.522616556453,
    "count": 40948,
    "sum": 1532673636.0
  },
  "output_token_count": {
    "unit": "tokens",
    "avg": 232.0474992673635,
    "p1": 30.0,
    "p5": 31.0,
    "p10": 31.0,
    "p25": 31.0,
    "p50": 78.0,
    "p75": 234.0,
    "p90": 598.0,
    "p95": 1019.6500000000015,
    "p99": 2138.529999999999,
    "min": 12.0,
    "max": 2999.0,
    "std": 395.510551356836,
    "count": 40948,
    "sum": 9501881.0
  },
  "inter_chunk_latency": {
    "unit": "ms",
    "avg": 23.871318500882385,
    "p1": 1.8767768844708104,
    "p5": 2.8416976961133797,
    "p10": 4.041802130738444,
    "p25": 7.73055515203784,
    "p50": 11.466836425413439,
    "p75": 31.31422476989977,
    "p90": 59.483293341738694,
    "p95": 81.34456168144496,
    "p99": 136.1208755185377,
    "min": 0.0,
    "max": 663.586201,
    "std": 28.564243180082446,
    "count": 6257457,
    "sum": 149373749.052576
  },
  "total_output_tokens": {
    "unit": "tokens",
    "avg": 9501881.0
  },
  "benchmark_duration": {
    "unit": "sec",
    "avg": 1054.479395453
  },
  "total_isl": {
    "unit": "tokens",
    "avg": 1532673636.0
  },
  "total_osl": {
    "unit": "tokens",
    "avg": 9501881.0
  },
  "error_request_count": {
    "unit": "requests",
    "avg": 12.0
  },
  "error_isl": {
    "unit": "tokens",
    "avg": 59064.083333333336,
    "p1": 33269.91,
    "p5": 33305.55,
    "p10": 33738.2,
    "p25": 40220.0,
    "p50": 49004.5,
    "p75": 83648.0,
    "p90": 84145.7,
    "p95": 84222.2,
    "p99": 84255.64,
    "min": 33261.0,
    "max": 84264.0,
    "std": 21521.2042664064,
    "count": 12,
    "sum": 708769.0
  },
  "total_error_isl": {
    "unit": "tokens",
    "avg": 708769.0
  },
  "telemetry_data": {
    "summary": {
      "endpoints_configured": [],
      "endpoints_successful": [],
      "start_time": "2026-06-16T12:02:19.929893",
      "end_time": "2026-06-16T12:19:56.553172"
    },
    "endpoints": {},
    "error_summary": []
  },
  "input_config": {
    "endpoint": {
      "model_names": [
        "microsoft/Phi-tiny-MoE-instruct"
      ],
      "type": "chat",
      "streaming": true,
      "urls": [
        "http://127.0.0.1:8000"
      ]
    },
    "input": {
      "extra": [
        [
          "ignore_eos",
          true
        ]
      ],
      "file": "datasets/agentic_loop_2200s_seed42/_slices/c256_n2048.jsonl",
      "custom_dataset_type": "mooncake_trace",
      "prompt": {
        "input_tokens": {
          "block_size": 64
        }
      }
    },
    "output": {
      "artifact_directory": "artifacts/reruns/agentic_pd4p4d/vllm/fullsweep/c256",
      "slice_duration": 60.0
    },
    "tokenizer": {
      "name": "microsoft/Phi-tiny-MoE-instruct",
      "resolved_names": {
        "microsoft/Phi-tiny-MoE-instruct": "microsoft/Phi-tiny-MoE-instruct"
      }
    },
    "loadgen": {
      "concurrency": 256,
      "request_rate": 500.0,
      "arrival_pattern": "constant",
      "request_count": 40960,
      "warmup_request_count": 512,
      "concurrency_ramp_duration": 60.0
    },
    "cli_command": "aiperf profile --model 'microsoft/Phi-tiny-MoE-instruct' --tokenizer 'microsoft/Phi-tiny-MoE-instruct' --url 'http://127.0.0.1:8000' --endpoint-type 'chat' --streaming --input-file 'datasets/agentic_loop_2200s_seed42/_slices/c256_n2048.jsonl' --custom-dataset-type 'mooncake_trace' --isl-block-size 64 --extra-inputs 'ignore_eos:true' --concurrency 256 --concurrency-ramp-duration 60 --request-rate 500 --arrival-pattern 'constant' --warmup-request-count 512 --workers-max 1024 --ui 'simple' --artifact-dir 'artifacts/reruns/agentic_pd4p4d/vllm/fullsweep/c256' --server-metrics-formats 'json' 'csv' 'jsonl' --slice-duration 60",
    "benchmark_id": "29d988a7-eddb-4b3f-84da-c16936a5be3d",
    "server_metrics_formats": [
      "json",
      "csv",
      "jsonl"
    ]
  },
  "was_cancelled": false,
  "error_summary": [
    {
      "error_details": {
        "code": 500,
        "type": "Internal Server Error",
        "message": "Request processing failed: Network error: Prefill request failed to http://127.0.0.1:9100/v1/chat/completions: error sending request for url (http://127.0.0.1:9100/v1/chat/completions) caused by: client error (SendRequest) caused by: connection error caused by: Connection reset by peer (os error 104)"
      },
      "count": 3
    },
    {
      "error_details": {
        "code": 500,
        "type": "Internal Server Error",