{
  "schema_version": "1.1",
  "aiperf_version": "0.8.0",
  "benchmark_id": "4b2b564b-b342-4a2f-81af-1a726ed055ed",
  "request_throughput": {
    "unit": "requests/sec",
    "avg": 26.951795417572214
  },
  "request_latency": {
    "unit": "ms",
    "avg": 3117.0129055370608,
    "p1": 569.1985835099999,
    "p5": 688.1961658499999,
    "p10": 759.5532824999999,
    "p25": 930.2415592499999,
    "p50": 1408.205954,
    "p75": 3149.8395499999997,
    "p90": 7305.019779500009,
    "p95": 11916.051020699995,
    "p99": 24143.43811703998,
    "min": 319.102451,
    "max": 34942.887543,
    "std": 4414.596056209431,
    "count": 20480,
    "sum": 63836424.305399
  },
  "request_count": {
    "unit": "requests",
    "avg": 20480.0
  },
  "time_to_first_token": {
    "unit": "ms",
    "avg": 586.4751647981933,
    "p1": 283.80698180999997,
    "p5": 350.9356058,
    "p10": 387.39647560000003,
    "p25": 459.7260765,
    "p50": 559.3958705,
    "p75": 684.669887,
    "p90": 821.8026559000003,
    "p95": 916.3024672999999,
    "p99": 1113.1181969699996,
    "min": 146.629198,
    "max": 1544.6874229999999,
    "std": 176.06101427524158,
    "count": 20480,
    "sum": 12011011.375067
  },
  "time_to_second_token": {
    "unit": "ms",
    "avg": 12.774390188623046,
    "p1": 0.6008277999999999,
    "p5": 1.07631345,
    "p10": 1.359645,
    "p25": 2.00103125,
    "p50": 3.5650765,
    "p75": 10.273534249999999,
    "p90": 40.333639500000004,
    "p95": 54.55257534999999,
    "p99": 87.36907538999992,
    "min": 0.0,
    "max": 175.596836,
    "std": 19.955069328243603,
    "count": 20480,
    "sum": 261619.51106299998
  },
  "inter_token_latency": {
    "unit": "ms",
    "avg": 10.33975960246152,
    "p1": 5.79805544532258,
    "p5": 7.377721815,
    "p10": 8.179362273333332,
    "p25": 9.478334683333333,
    "p50": 10.69117993291536,
    "p75": 11.328319845119811,
    "p90": 11.819525038723404,
    "p95": 12.31692929008097,
    "p99": 13.913594534306002,
    "min": 1.2577956666666668,
    "max": 20.788310733333333,
    "std": 1.58282302220498,
    "count": 20480,
    "sum": 211758.2766584129
  },
  "output_token_throughput": {
    "unit": "tokens/sec",
    "avg": 6254.518132163615
  },
  "output_token_throughput_per_user": {
    "unit": "tokens/sec/user",
    "avg": 99.56416232740739,
    "p1": 71.87215912144224,
    "p5": 81.18906721454579,
    "p10": 84.60576856843807,
    "p25": 88.27434374042105,
    "p50": 93.53504536263398,
    "p75": 105.50376557699211,
    "p90": 122.25892027650575,
    "p95": 135.54319693031192,
    "p99": 172.4717362572587,
    "min": 48.10395672970842,
    "max": 795.0416959617446,
    "std": 20.093866598837906,
    "count": 20480,
    "sum": 2039074.044465304
  },
  "output_sequence_length": {
    "unit": "tokens",
    "avg": 232.063134765625,
    "p1": 30.0,
    "p5": 31.0,
    "p10": 31.0,
    "p25": 31.0,
    "p50": 77.0,
    "p75": 234.0,
    "p90": 604.0,
    "p95": 1015.0,
    "p99": 2124.8399999999965,
    "min": 26.0,
    "max": 2992.0,
    "std": 393.6221195714927,
    "count": 20480,
    "sum": 4752653.0
  },
  "input_sequence_length": {
    "unit": "tokens",
    "avg": 37491.73330078125,
    "p1": 21717.9,
    "p5": 23630.0,
    "p10": 25363.9,
    "p25": 29718.0,
    "p50": 36545.5,
    "p75": 44021.25,
    "p90": 50934.0,
    "p95": 55457.299999999996,
    "p99": 62843.84,
    "min": 20567.0,
    "max": 77080.0,
    "std": 9798.182058386225,
    "count": 20480,
    "sum": 767830698.0
  },
  "output_token_count": {
    "unit": "tokens",
    "avg": 232.063134765625,
    "p1": 30.0,
    "p5": 31.0,
    "p10": 31.0,
    "p25": 31.0,
    "p50": 77.0,
    "p75": 234.0,
    "p90": 604.0,
    "p95": 1015.0,
    "p99": 2124.8399999999965,
    "min": 26.0,
    "max": 2992.0,
    "std": 393.6221195714927,
    "count": 20480,
    "sum": 4752653.0
  },
  "inter_chunk_latency": {
    "unit": "ms",
    "avg": 13.733854185746479,
    "p1": 1.0722292962743614,
    "p5": 1.93638907524376,
    "p10": 3.5788537334789368,
    "p25": 7.224859135114441,
    "p50": 8.739625295514594,
    "p75": 12.450501594181295,
    "p90": 32.53235827829125,
    "p95": 45.261607329555524,
    "p99": 72.16651262974715,
    "min": 0.0,
    "max": 263.31350299999997,
    "std": 14.529651766848382,
    "count": 3773552,
    "sum": 51825412.930332
  },
  "total_output_tokens": {
    "unit": "tokens",
    "avg": 4752653.0
  },
  "benchmark_duration": {
    "unit": "sec",
    "avg": 759.8751653720001
  },
  "total_isl": {
    "unit": "tokens",
    "avg": 767830698.0
  },
  "total_osl": {
    "unit": "tokens",
    "avg": 4752653.0
  },
  "telemetry_data": {
    "summary": {
      "endpoints_configured": [],
      "endpoints_successful": [],
      "start_time": "2026-06-16T11:48:25.311569",
      "end_time": "2026-06-16T12:01:07.288171"
    },
    "endpoints": {},
    "error_summary": []
  },
  "input_config": {
    "endpoint": {
      "model_names": [
        "microsoft/Phi-tiny-MoE-instruct"
      ],
      "type": "chat",
      "streaming": true,
      "urls": [
        "http://127.0.0.1:8000"
      ]
    },
    "input": {
      "extra": [
        [
          "ignore_eos",
          true
        ]
      ],
      "file": "datasets/agentic_loop_2200s_seed42/_slices/c128_n1024.jsonl",
      "custom_dataset_type": "mooncake_trace",
      "prompt": {
        "input_tokens": {
          "block_size": 64
        }
      }
    },
    "output": {
      "artifact_directory": "artifacts/reruns/agentic_pd4p4d/vllm/fullsweep/c128",
      "slice_duration": 60.0
    },
    "tokenizer": {
      "name": "microsoft/Phi-tiny-MoE-instruct",
      "resolved_names": {
        "microsoft/Phi-tiny-MoE-instruct": "microsoft/Phi-tiny-MoE-instruct"
      }
    },
    "loadgen": {
      "concurrency": 128,
      "request_rate": 500.0,
      "arrival_pattern": "constant",
      "request_count": 20480,
      "warmup_request_count": 256,
      "concurrency_ramp_duration": 32.0
    },
    "cli_command": "aiperf profile --model 'microsoft/Phi-tiny-MoE-instruct' --tokenizer 'microsoft/Phi-tiny-MoE-instruct' --url 'http://127.0.0.1:8000' --endpoint-type 'chat' --streaming --input-file 'datasets/agentic_loop_2200s_seed42/_slices/c128_n1024.jsonl' --custom-dataset-type 'mooncake_trace' --isl-block-size 64 --extra-inputs 'ignore_eos:true' --concurrency 128 --concurrency-ramp-duration 32 --request-rate 500 --arrival-pattern 'constant' --warmup-request-count 256 --workers-max 1024 --ui 'simple' --artifact-dir 'artifacts/reruns/agentic_pd4p4d/vllm/fullsweep/c128' --server-metrics-formats 'json' 'csv' 'jsonl' --slice-duration 60",
    "benchmark_id": "4b2b564b-b342-4a2f-81af-1a726ed055ed",
    "server_metrics_formats": [
      "json",
      "csv",
      "jsonl"
    ]
  },
  "was_cancelled": false,
  "error_summary": [],
  "start_time": "2026-06-16T11:48:25.311569",
  "end_time": "2026-06-16T12:01:05.198863",
  "http_req_sending": {
    "unit": "ms",
    "avg": 0.19746449174804687,
    "p1": 0.1379915,
    "p5": 0.14706245,
    "p10": 0.152492,
    "p25": 0.16551975,
    "p50": 0.190003,
    "p75": 0.20833125,
    "p90": 0.23185700000000004,
    "p95": 0.25070744999999994,
    "p99": 0.29759599999999986,
    "min": 0.107162,
    "max": 2.969166,
    "std": 0.11577504974420597,
    "count": 20480,
    "sum": 4044.0727909999996
  },
  "http_req_blocked": {
    "unit": "ms",
    "avg": 0.0,
    "p1": 0.0,
    "p5": 0.0,
    "p10": 0.0,
    "p25": 0.0,
    "p50": 0.0,
    "p75": 0.0,
    "p90": 0.0,
    "p95": 0.0,
    "p99": 0.0,
    "min": 0.0,
    "max": 0.0,
    "std": 0.0,
    "count": 20480,
    "sum": 0.0
  },
  "http_req_receiving": {
    "unit": "ms",
    "avg": 2530.9948438496094,
    "p1": 180.65965588999998,
    "p5": 232.3800918,
    "p10": 257.439644,
    "p25": 324.05082725,
    "p50": 801.714968,
    "p75": 2554.114854,
    "p90": 6709.1078849000005,
    "p95": 11281.6484917,
    "p99": 23518.72473527993,
    "min": 37.738351,
    "max": 34229.814748,
    "std": 4408.303711015974,