{
  "schema_version": "1.1",
  "aiperf_version": "0.8.0",
  "benchmark_id": "cb1de1ce-28f4-45d2-b933-d73b2cb5c578",
  "request_throughput": {
    "unit": "requests/sec",
    "avg": 39.88847819059061
  },
  "request_latency": {
    "unit": "ms",
    "avg": 4617.065150754976,
    "p1": 700.71704794,
    "p5": 977.0126865,
    "p10": 1142.7083632,
    "p25": 1516.143314,
    "p50": 2296.034115,
    "p75": 4658.516751499999,
    "p90": 10443.778721199998,
    "p95": 17038.4008276,
    "p99": 34425.146824039984,
    "min": 282.685859,
    "max": 50555.046807,
    "std": 6298.041421157006,
    "count": 40955,
    "sum": 189091903.24917
  },
  "request_count": {
    "unit": "requests",
    "avg": 40955.0
  },
  "time_to_first_token": {
    "unit": "ms",
    "avg": 1102.5681199727749,
    "p1": 333.20626813999996,
    "p5": 489.0373978,
    "p10": 585.6590054,
    "p25": 775.5354699999999,
    "p50": 1039.389025,
    "p75": 1361.1703774999999,
    "p90": 1696.0365111999997,
    "p95": 1928.1830790999988,
    "p99": 2429.20267932,
    "min": 134.07815,
    "max": 3926.464414,
    "std": 451.96598884353904,
    "count": 40955,
    "sum": 45155677.353484996
  },
  "time_to_second_token": {
    "unit": "ms",
    "avg": 7.894642935464179,
    "p1": 0.0,
    "p5": 0.0,
    "p10": 1.1440040000000002,
    "p25": 2.51105175,
    "p50": 4.2478869999999995,
    "p75": 7.352173499999999,
    "p90": 13.382995300000003,
    "p95": 25.198829149999998,
    "p99": 87.35221290000004,
    "min": 0.0,
    "max": 366.06494899999996,
    "std": 15.548616003663787,
    "count": 40954,
    "sum": 323317.206779
  },
  "inter_token_latency": {
    "unit": "ms",
    "avg": 13.610420022940096,
    "p1": 0.9764790976666666,
    "p5": 5.536219366666667,
    "p10": 7.944678979999999,
    "p25": 11.601002396286031,
    "p50": 14.658410541481041,
    "p75": 16.11728110544278,
    "p90": 17.30015609362154,
    "p95": 18.65099111687598,
    "p99": 22.678449035666674,
    "min": 0.0,
    "max": 40.6944056,
    "std": 4.123563880455865,
    "count": 40954,
    "sum": 557401.1416194898
  },
  "output_token_throughput": {
    "unit": "tokens/sec",
    "avg": 9255.881039819544
  },
  "output_token_throughput_per_user": {
    "unit": "tokens/sec/user",
    "avg": 106.553320214829,
    "p1": 44.08943207831655,
    "p5": 53.60539942458311,
    "p10": 57.798139771738654,
    "p25": 62.03850433119794,
    "p50": 68.19052564700789,
    "p75": 86.01372297667368,
    "p90": 125.15059423149957,
    "p95": 178.141006514501,
    "p99": 876.2175513855185,
    "min": 24.573402295867417,
    "max": 6721.06095979887,
    "std": 238.18680146568008,
    "count": 40891,
    "sum": 4357071.816904588
  },
  "output_sequence_length": {
    "unit": "tokens",
    "avg": 232.04397509461603,
    "p1": 30.0,
    "p5": 31.0,
    "p10": 31.0,
    "p25": 31.0,
    "p50": 78.0,
    "p75": 233.0,
    "p90": 598.0,
    "p95": 1019.0,
    "p99": 2135.0,
    "min": 1.0,
    "max": 2998.0,
    "std": 395.53004321400175,
    "count": 40955,
    "sum": 9503361.0
  },
  "input_sequence_length": {
    "unit": "tokens",
    "avg": 37431.667464290076,
    "p1": 21632.54,
    "p5": 23533.0,
    "p10": 25226.8,
    "p25": 29635.0,
    "p50": 36418.0,
    "p75": 44011.0,
    "p90": 50831.2,
    "p95": 55263.299999999996,
    "p99": 63062.43999999999,
    "min": 20508.0,
    "max": 81192.0,
    "std": 9819.163941759785,
    "count": 40955,
    "sum": 1533013941.0
  },
  "output_token_count": {
    "unit": "tokens",
    "avg": 232.04397509461603,
    "p1": 30.0,
    "p5": 31.0,
    "p10": 31.0,
    "p25": 31.0,
    "p50": 78.0,
    "p75": 233.0,
    "p90": 598.0,
    "p95": 1019.0,
    "p99": 2135.0,
    "min": 1.0,
    "max": 2998.0,
    "std": 395.53004321400175,
    "count": 40955,
    "sum": 9503361.0
  },
  "inter_chunk_latency": {
    "unit": "ms",
    "avg": 25.225805427017626,
    "p1": 2.4074606486548973,
    "p5": 3.7798214654417777,
    "p10": 4.895925692278367,
    "p25": 7.462274624692248,
    "p50": 10.990512858242644,
    "p75": 31.398440804273317,
    "p90": 63.14909539775907,
    "p95": 89.60872291368165,
    "p99": 163.04224716446967,
    "min": 0.0,
    "max": 678.8080229999999,
    "std": 33.237104960328324,
    "count": 5705912,
    "sum": 143936225.895685
  },
  "total_output_tokens": {
    "unit": "tokens",
    "avg": 9503361.0
  },
  "benchmark_duration": {
    "unit": "sec",
    "avg": 1026.737590848
  },
  "total_isl": {
    "unit": "tokens",
    "avg": 1533013941.0
  },
  "total_osl": {
    "unit": "tokens",
    "avg": 9503361.0
  },
  "error_request_count": {
    "unit": "requests",
    "avg": 5.0
  },
  "error_isl": {
    "unit": "tokens",
    "avg": 83836.8,
    "p1": 83433.6,
    "p5": 83460.0,
    "p10": 83493.0,
    "p25": 83592.0,
    "p50": 83749.0,
    "p75": 84170.0,
    "p90": 84215.6,
    "p95": 84230.8,
    "p99": 84242.96,
    "min": 83427.0,
    "max": 84246.0,
    "std": 320.6364919967782,
    "count": 5,
    "sum": 419184.0
  },
  "total_error_isl": {
    "unit": "tokens",
    "avg": 419184.0
  },
  "telemetry_data": {
    "summary": {
      "endpoints_configured": [],
      "endpoints_successful": [],
      "start_time": "2026-06-16T11:16:46.675864",
      "end_time": "2026-06-16T11:33:55.557851"
    },
    "endpoints": {},
    "error_summary": []
  },
  "input_config": {
    "endpoint": {
      "model_names": [
        "microsoft/Phi-tiny-MoE-instruct"
      ],
      "type": "chat",
      "streaming": true,
      "urls": [
        "http://127.0.0.1:8000"
      ]
    },
    "input": {
      "extra": [
        [
          "ignore_eos",
          true
        ]
      ],
      "file": "datasets/agentic_loop_2200s_seed42/_slices/c256_n2048.jsonl",
      "custom_dataset_type": "mooncake_trace",
      "prompt": {
        "input_tokens": {
          "block_size": 64
        }
      }
    },
    "output": {
      "artifact_directory": "artifacts/reruns/agentic_pd4p4d/ray/fullsweep/c256",
      "slice_duration": 60.0
    },
    "tokenizer": {
      "name": "microsoft/Phi-tiny-MoE-instruct",
      "resolved_names": {
        "microsoft/Phi-tiny-MoE-instruct": "microsoft/Phi-tiny-MoE-instruct"
      }
    },
    "loadgen": {
      "concurrency": 256,
      "request_rate": 500.0,
      "arrival_pattern": "constant",
      "request_count": 40960,
      "warmup_request_count": 512,
      "concurrency_ramp_duration": 60.0
    },
    "cli_command": "aiperf profile --model 'microsoft/Phi-tiny-MoE-instruct' --tokenizer 'microsoft/Phi-tiny-MoE-instruct' --url 'http://127.0.0.1:8000' --endpoint-type 'chat' --streaming --input-file 'datasets/agentic_loop_2200s_seed42/_slices/c256_n2048.jsonl' --custom-dataset-type 'mooncake_trace' --isl-block-size 64 --extra-inputs 'ignore_eos:true' --concurrency 256 --concurrency-ramp-duration 60 --request-rate 500 --arrival-pattern 'constant' --warmup-request-count 512 --workers-max 1024 --ui 'simple' --artifact-dir 'artifacts/reruns/agentic_pd4p4d/ray/fullsweep/c256' --server-metrics-formats 'json' 'csv' 'jsonl' --slice-duration 60",
    "benchmark_id": "cb1de1ce-28f4-45d2-b933-d73b2cb5c578",
    "server_metrics_formats": [
      "json",
      "csv",
      "jsonl"
    ]
  },
  "was_cancelled": false,
  "error_summary": [
    {
      "error_details": {
        "code": 400,
        "type": "Bad Request",
        "message": "{\"error\":{\"message\":\"This model's maximum context length is 81920 tokens. However, you requested 1 output tokens and your prompt contains at least 81920 input tokens, for a total of at least 81921 tokens. Please reduce the length of the input prompt or the number of requested output tokens. (parameter=input_tokens, value=81920)\",\"type\":\"BadRequestError\",\"param\":\"input_tokens\",\"code\":400}}"
      },
      "count": 5
    }
  ],
  "start_time": "2026-06-16T11:16:46.675864",
  "end_time": "2026-06-16T11:33:53.420415",
  "http_req_blocked": {
    "unit": "ms",
    "avg": 0.0,
    "p1": 0.0,
    "p5": 0.0,
    "p10": 0.0,
    "p25": 0.0,
    "p50": 0.0,