{
  "schema_version": "1.1",
  "aiperf_version": "0.8.0",
  "benchmark_id": "42120575-9fa4-4617-8e8a-d5779c797cf0",
  "request_throughput": {
    "unit": "requests/sec",
    "avg": 27.92072575287544
  },
  "request_latency": {
    "unit": "ms",
    "avg": 2972.3737794713375,
    "p1": 513.26914688,
    "p5": 620.4677841499999,
    "p10": 688.9283426,
    "p25": 849.960341,
    "p50": 1308.9311149999999,
    "p75": 2985.1192539999997,
    "p90": 7041.9880889000015,
    "p95": 11537.812790849997,
    "p99": 23411.734158749987,
    "min": 297.94037299999997,
    "max": 33897.169103,
    "std": 4299.443419512764,
    "count": 20480,
    "sum": 60874215.003573
  },
  "request_count": {
    "unit": "requests",
    "avg": 20480.0
  },
  "time_to_first_token": {
    "unit": "ms",
    "avg": 525.3230269195801,
    "p1": 243.4013751,
    "p5": 303.11577675,
    "p10": 337.83273499999996,
    "p25": 406.10227875,
    "p50": 502.3032715,
    "p75": 617.10074,
    "p90": 744.0821091,
    "p95": 829.086838,
    "p99": 1014.1638477399998,
    "min": 132.147635,
    "max": 1404.870811,
    "std": 164.10561287333752,
    "count": 20480,
    "sum": 10758615.591312999
  },
  "time_to_second_token": {
    "unit": "ms",
    "avg": 2.4106072955566407,
    "p1": 0.0,
    "p5": 0.257304,
    "p10": 0.477454,
    "p25": 0.812541,
    "p50": 1.3995419999999998,
    "p75": 2.3290794999999997,
    "p90": 4.182140900000001,
    "p95": 5.953895499999999,
    "p99": 27.110899699999923,
    "min": 0.0,
    "max": 127.52217999999999,
    "std": 5.2708900068207685,
    "count": 20480,
    "sum": 49369.237412999995
  },
  "inter_token_latency": {
    "unit": "ms",
    "avg": 9.788504925264522,
    "p1": 4.588911151333333,
    "p5": 6.28459398095238,
    "p10": 7.196396589999999,
    "p25": 8.81075148640351,
    "p50": 10.23504791996435,
    "p75": 10.99615855101127,
    "p90": 11.52682119206349,
    "p95": 11.975261953365276,
    "p99": 13.489985462999996,
    "min": 0.18660929999999998,
    "max": 25.882763166666667,
    "std": 1.8370084494930499,
    "count": 20480,
    "sum": 200468.58086941807
  },
  "output_token_throughput": {
    "unit": "tokens/sec",
    "avg": 6480.219126122999
  },
  "output_token_throughput_per_user": {
    "unit": "tokens/sec/user",
    "avg": 108.74998766433137,
    "p1": 74.1290645271341,
    "p5": 83.50548020529781,
    "p10": 86.75418690043236,
    "p25": 90.9408495135345,
    "p50": 97.70349957112019,
    "p75": 113.49769681696452,
    "p90": 138.95843391815424,
    "p95": 159.1192690029899,
    "p99": 217.91677697762046,
    "min": 38.635751274340684,
    "max": 5358.789728057497,
    "std": 75.34991055750932,
    "count": 20480,
    "sum": 2227199.7473655227
  },
  "output_sequence_length": {
    "unit": "tokens",
    "avg": 232.093505859375,
    "p1": 30.0,
    "p5": 31.0,
    "p10": 31.0,
    "p25": 31.0,
    "p50": 77.0,
    "p75": 235.0,
    "p90": 604.0,
    "p95": 1015.0499999999993,
    "p99": 2123.679999999993,
    "min": 26.0,
    "max": 2992.0,
    "std": 393.645190163777,
    "count": 20480,
    "sum": 4753275.0
  },
  "input_sequence_length": {
    "unit": "tokens",
    "avg": 37499.89096679688,
    "p1": 21725.79,
    "p5": 23636.0,
    "p10": 25373.8,
    "p25": 29730.25,
    "p50": 36550.5,
    "p75": 44034.25,
    "p90": 50928.80000000002,
    "p95": 55465.49999999999,
    "p99": 62851.71999999997,
    "min": 20571.0,
    "max": 77071.0,
    "std": 9798.080975288825,
    "count": 20480,
    "sum": 767997767.0
  },
  "output_token_count": {
    "unit": "tokens",
    "avg": 232.093505859375,
    "p1": 30.0,
    "p5": 31.0,
    "p10": 31.0,
    "p25": 31.0,
    "p50": 77.0,
    "p75": 235.0,
    "p90": 604.0,
    "p95": 1015.0499999999993,
    "p99": 2123.679999999993,
    "min": 26.0,
    "max": 2992.0,
    "std": 393.645190163777,
    "count": 20480,
    "sum": 4753275.0
  },
  "inter_chunk_latency": {
    "unit": "ms",
    "avg": 13.42290204204587,
    "p1": 1.30788481544914,
    "p5": 2.39237846959061,
    "p10": 3.6783435948632586,
    "p25": 6.666522192031151,
    "p50": 8.22984836402154,
    "p75": 12.355725183256398,
    "p90": 32.15200544109156,
    "p95": 43.742321904980116,
    "p99": 73.16253596894691,
    "min": 0.0,
    "max": 269.99933899999996,
    "std": 14.720041585589186,
    "count": 3733589,
    "sum": 50115599.412259996
  },
  "total_output_tokens": {
    "unit": "tokens",
    "avg": 4753275.0
  },
  "benchmark_duration": {
    "unit": "sec",
    "avg": 733.505288554
  },
  "total_isl": {
    "unit": "tokens",
    "avg": 767997767.0
  },
  "total_osl": {
    "unit": "tokens",
    "avg": 4753275.0
  },
  "telemetry_data": {
    "summary": {
      "endpoints_configured": [],
      "endpoints_successful": [],
      "start_time": "2026-06-16T11:03:21.630497",
      "end_time": "2026-06-16T11:15:37.241152"
    },
    "endpoints": {},
    "error_summary": []
  },
  "input_config": {
    "endpoint": {
      "model_names": [
        "microsoft/Phi-tiny-MoE-instruct"
      ],
      "type": "chat",
      "streaming": true,
      "urls": [
        "http://127.0.0.1:8000"
      ]
    },
    "input": {
      "extra": [
        [
          "ignore_eos",
          true
        ]
      ],
      "file": "datasets/agentic_loop_2200s_seed42/_slices/c128_n1024.jsonl",
      "custom_dataset_type": "mooncake_trace",
      "prompt": {
        "input_tokens": {
          "block_size": 64
        }
      }
    },
    "output": {
      "artifact_directory": "artifacts/reruns/agentic_pd4p4d/ray/fullsweep/c128",
      "slice_duration": 60.0
    },
    "tokenizer": {
      "name": "microsoft/Phi-tiny-MoE-instruct",
      "resolved_names": {
        "microsoft/Phi-tiny-MoE-instruct": "microsoft/Phi-tiny-MoE-instruct"
      }
    },
    "loadgen": {
      "concurrency": 128,
      "request_rate": 500.0,
      "arrival_pattern": "constant",
      "request_count": 20480,
      "warmup_request_count": 256,
      "concurrency_ramp_duration": 32.0
    },
    "cli_command": "aiperf profile --model 'microsoft/Phi-tiny-MoE-instruct' --tokenizer 'microsoft/Phi-tiny-MoE-instruct' --url 'http://127.0.0.1:8000' --endpoint-type 'chat' --streaming --input-file 'datasets/agentic_loop_2200s_seed42/_slices/c128_n1024.jsonl' --custom-dataset-type 'mooncake_trace' --isl-block-size 64 --extra-inputs 'ignore_eos:true' --concurrency 128 --concurrency-ramp-duration 32 --request-rate 500 --arrival-pattern 'constant' --warmup-request-count 256 --workers-max 1024 --ui 'simple' --artifact-dir 'artifacts/reruns/agentic_pd4p4d/ray/fullsweep/c128' --server-metrics-formats 'json' 'csv' 'jsonl' --slice-duration 60",
    "benchmark_id": "42120575-9fa4-4617-8e8a-d5779c797cf0",
    "server_metrics_formats": [
      "json",
      "csv",
      "jsonl"
    ]
  },
  "was_cancelled": false,
  "error_summary": [],
  "start_time": "2026-06-16T11:03:21.630497",
  "end_time": "2026-06-16T11:15:35.148174",
  "http_req_connection_reused": {
    "unit": "ratio",
    "avg": 0.9951171875,
    "p1": 1.0,
    "p5": 1.0,
    "p10": 1.0,
    "p25": 1.0,
    "p50": 1.0,
    "p75": 1.0,
    "p90": 1.0,
    "p95": 1.0,
    "p99": 1.0,
    "min": 0.0,
    "max": 1.0,
    "std": 0.06970631708883954,
    "count": 20480,
    "sum": 20380.0
  },
  "time_to_first_output_token": {
    "unit": "ms",
    "avg": 525.3230269195801,
    "p1": 243.4013751,
    "p5": 303.11577675,
    "p10": 337.83273499999996,
    "p25": 406.10227875,
    "p50": 502.3032715,
    "p75": 617.10074,
    "p90": 744.0821091,
    "p95": 829.086838,
    "p99": 1014.1638477399998,
    "min": 132.147635,
    "max": 1404.870811,
    "std": 164.10561287333752,
    "count": 20480,
    "sum": 10758615.591312999
  },
  "http_req_data_received": {
    "unit": "KB",
    "avg": 47.73006768226624,
    "p1": 3.312861328125,
    "p5": 4.544921875,
    "p10": 5.51640625,
    "p25": 6.837890625,
    "p50": 15.51904296875,
    "p75": 48.2763671875,
    "p90": 125.68105468750025,
    "p95": 211.02226562499993,
    "p99": 441.3586914062499,